"F1: 0.41714","Precision: 0.41714","Recall: 0.41714"
"Col","Row","Value","Submitted URI","Correct URI's"
"1","1","Team Roth","http://dbpedia.org/resource/Akros–Thömus","http://dbpedia.org/resource/Roth_Skoda http://dbpedia.org/resource/Marchiol-Emisfero http://dbpedia.org/resource/Roth-Skoda http://dbpedia.org/resource/Roth-Škoda http://dbpedia.org/resource/Marchiol–Emisfero http://dbpedia.org/resource/Team_Roth http://dbpedia.org/resource/Roth–Škoda"
"1","2","Cycling Academy Team","http://dbpedia.org/resource/Israel_Cycling_Academy","http://dbpedia.org/resource/Cycling_Academy_Team"
"1","3","Belkin Pro Cycling Team","http://dbpedia.org/resource/Team_Jumbo–Visma","http://dbpedia.org/resource/Team_LottoNL–Jumbo http://dbpedia.org/resource/Belkin_Pro_Cycling http://dbpedia.org/resource/Belkin_Pro_Cycling_Team http://dbpedia.org/resource/Rabobank_Team http://dbpedia.org/resource/Novell_(cycling_team) http://dbpedia.org/resource/Superconfex-Yoko http://dbpedia.org/resource/Kwantum http://dbpedia.org/resource/Blanco_Pro_Cycling_Team http://dbpedia.org/resource/Wordperfect_(cycling_team) http://dbpedia.org/resource/Rabobank_(cycling) http://dbpedia.org/resource/Team_Rabobank http://dbpedia.org/resource/SuperConfex http://dbpedia.org/resource/Wordperfect-Colnago-Decca http://dbpedia.org/resource/Rabobank_(cycling_team) http://dbpedia.org/resource/Team_LottoNL-Jumbo"
"1","4","Axeon-Hagens Berman","http://dbpedia.org/resource/Team_Jamis","http://dbpedia.org/resource/Axeon_Hagens_Berman http://dbpedia.org/resource/Axeon_Cycling_Team http://dbpedia.org/resource/Bissell_Development_Team http://dbpedia.org/resource/Trek_Livestrong_U23 http://dbpedia.org/resource/Axeon-Hagens_Berman http://dbpedia.org/resource/Axeon–Hagens_Berman"
"1","5","Avanti IsoWhey Sports","nan","http://dbpedia.org/resource/Genesys_Wealth_Advisers_(cycling_team) http://dbpedia.org/resource/Avanti_IsoWhey_Sports http://dbpedia.org/resource/Huon_Salmon-Genesys_Wealth_Advisers http://dbpedia.org/resource/Avanti_Racing_Team http://dbpedia.org/resource/Genesys_Wealth_Advisers"
"1","8","Lampre-Merida","http://dbpedia.org/resource/UAE_Team_Emirates","http://dbpedia.org/resource/Lampre-N.G.C http://dbpedia.org/resource/Lampre-Farnese http://dbpedia.org/resource/Lampre-Merida http://dbpedia.org/resource/Lampre–NGC http://dbpedia.org/resource/Lampre-Fondital http://dbpedia.org/resource/Lampre-NGC http://dbpedia.org/resource/Lampre_Merida http://dbpedia.org/resource/Lampre_N.G.C. http://dbpedia.org/resource/Lampre–N.G.C. http://dbpedia.org/resource/Lampre_(UCI_ProTour) http://dbpedia.org/resource/Lampre–Merida http://dbpedia.org/resource/Lampre-Caffita http://dbpedia.org/resource/Lampre-Farnese_Vini http://dbpedia.org/resource/Lampre-N.G.C. http://dbpedia.org/resource/Lampre_-_Caffita http://dbpedia.org/resource/Team_Lampre http://dbpedia.org/resource/Lampre-ISD http://dbpedia.org/resource/Lampre_(cycling_team)"
"1","10","Funvic Soul Cycles-Carrefour","http://dbpedia.org/resource/Funvic/Soul_Brasil_Pro_Cycling","http://dbpedia.org/resource/Funvic_Soul_Cycles-Carrefour http://dbpedia.org/resource/Funvic_Brasilinvest-São_José_dos_Campos http://dbpedia.org/resource/Funvic_Soul_Cycles–Carrefour http://dbpedia.org/resource/Carrefour_Funvic_Soul_Cycling_Team http://dbpedia.org/resource/Funvic_Brasilinvest-Pindamonhangaba http://dbpedia.org/resource/Funvic-Pindamonhangaba http://dbpedia.org/resource/Funvic_Brasilinvest-Sao_Jose_dos_Campos"
"1","11","Belkin Pro Cycling Team","http://dbpedia.org/resource/Team_Jumbo–Visma","http://dbpedia.org/resource/Team_LottoNL–Jumbo http://dbpedia.org/resource/Belkin_Pro_Cycling http://dbpedia.org/resource/Belkin_Pro_Cycling_Team http://dbpedia.org/resource/Rabobank_Team http://dbpedia.org/resource/Novell_(cycling_team) http://dbpedia.org/resource/Superconfex-Yoko http://dbpedia.org/resource/Kwantum http://dbpedia.org/resource/Blanco_Pro_Cycling_Team http://dbpedia.org/resource/Wordperfect_(cycling_team) http://dbpedia.org/resource/Rabobank_(cycling) http://dbpedia.org/resource/Team_Rabobank http://dbpedia.org/resource/SuperConfex http://dbpedia.org/resource/Wordperfect-Colnago-Decca http://dbpedia.org/resource/Rabobank_(cycling_team) http://dbpedia.org/resource/Team_LottoNL-Jumbo"
"1","12","Topsport Vlaanderen-Baloise","http://dbpedia.org/resource/Sport_Vlaanderen–Baloise","http://dbpedia.org/resource/Topsport_Vlaanderen–Mercator http://dbpedia.org/resource/Topsport_Vlaanderen-Mercator http://dbpedia.org/resource/Topsport_Vlaanderen-Baloise http://dbpedia.org/resource/Topsport_Vlaanderen_–_Mercator http://dbpedia.org/resource/Vlaanderen_-_T_Interim http://dbpedia.org/resource/Vlaanderen-Capri_Sonne-T-Interim http://dbpedia.org/resource/Topsport_Vlaanderen http://dbpedia.org/resource/Topsport_Vlaanderen_-_Mercator http://dbpedia.org/resource/Chocolade_Jacques_(cycling) http://dbpedia.org/resource/Topsport_Vlaanderen–Baloise http://dbpedia.org/resource/Chocolade_Jacques http://dbpedia.org/resource/Chocolade_Jacques-Wincor http://dbpedia.org/resource/Chocolade_Jacques-Topsport_Vlaanderen http://dbpedia.org/resource/Vlaanderen-T_Interim http://dbpedia.org/resource/Vlaanderen_2002 http://dbpedia.org/resource/Chocolade_Jacques-Wincor_Nixdorf http://dbpedia.org/resource/Chocolade_Jacques–Wincor_Nixdorf"
"1","13","MCipollini-Giambenini","http://dbpedia.org/resource/Alé–Cipollini","http://dbpedia.org/resource/Ale_Cipollini http://dbpedia.org/resource/Alé_Cipolini http://dbpedia.org/resource/MCipollini-Giambenini http://dbpedia.org/resource/Alé-Cipollini-Galassia http://dbpedia.org/resource/SC_MCipollini_Giordana http://dbpedia.org/resource/MCipollini–Giambenini http://dbpedia.org/resource/MCipollini_Giordana http://dbpedia.org/resource/MCipollini–Giordana http://dbpedia.org/resource/Mcipollini-Giordana http://dbpedia.org/resource/Alé_Cipollini http://dbpedia.org/resource/Alé–Cipollini–Galassia http://dbpedia.org/resource/MCipollini-Giordana"
"1","14","Terengganu Pro Asia Cycling Team","http://dbpedia.org/resource/LeTua_Cycling_Team","http://dbpedia.org/resource/Terengganu_Pro_Cycling_Team http://dbpedia.org/resource/Terengganu_Cycling_Team http://dbpedia.org/resource/Terengganu_Pro_Asia_Cycling_Team"
"1","17","Terengganu Pro Asia Cycling Team","http://dbpedia.org/resource/LeTua_Cycling_Team","http://dbpedia.org/resource/Terengganu_Pro_Cycling_Team http://dbpedia.org/resource/Terengganu_Cycling_Team http://dbpedia.org/resource/Terengganu_Pro_Asia_Cycling_Team"
"1","18","Pishgaman–Giant Team","http://dbpedia.org/resource/Pishgaman_Cycling_Team","http://dbpedia.org/resource/Pishgaman–Giant_Team http://dbpedia.org/resource/Pishgaman_Yazd http://dbpedia.org/resource/Pishgaman-Giant_Team"
"1","19","Avanti Racing Team","http://dbpedia.org/resource/Lupus_Racing_Team","http://dbpedia.org/resource/Genesys_Wealth_Advisers_(cycling_team) http://dbpedia.org/resource/Avanti_IsoWhey_Sports http://dbpedia.org/resource/Huon_Salmon-Genesys_Wealth_Advisers http://dbpedia.org/resource/Avanti_Racing_Team http://dbpedia.org/resource/Genesys_Wealth_Advisers"
"1","20","Southeast–Venezuela","http://dbpedia.org/resource/Neri_Sottoli–Selle_Italia–KTM","http://dbpedia.org/resource/ISD-Neri http://dbpedia.org/resource/Southeast-Venezuela http://dbpedia.org/resource/Southeast–Venezuela http://dbpedia.org/resource/ISD_(cycling_team) http://dbpedia.org/resource/Team_Tharcor http://dbpedia.org/resource/Vini_Fantini-Selle_Italia http://dbpedia.org/resource/Neri_Sottoli-Alé http://dbpedia.org/resource/Southeast_Pro_Cycling http://dbpedia.org/resource/ISD-NERI http://dbpedia.org/resource/Yellow_Fluo http://dbpedia.org/resource/Farnese_Vini-Selle_Italia http://dbpedia.org/resource/Wilier_Triestina–Southeast http://dbpedia.org/resource/Neri_Sottoli http://dbpedia.org/resource/Wilier_Triestina-Southeast http://dbpedia.org/resource/ISD–NERI http://dbpedia.org/resource/Farnese_Vini-Neri_Sottoli http://dbpedia.org/resource/Team_ISD"
"1","24","Delko-Marseille Provence KTM","http://dbpedia.org/resource/Delko–Marseille_Provence","http://dbpedia.org/resource/Delko-Marseille_Provence_KTM http://dbpedia.org/resource/VC_La_Pomme http://dbpedia.org/resource/Vélo_Club_La_Pomme_Marseille http://dbpedia.org/resource/VC_La_Pomme_Marseille http://dbpedia.org/resource/Marseille_13-KTM http://dbpedia.org/resource/La_Pomme_Marseille http://dbpedia.org/resource/Marseille_13–KTM http://dbpedia.org/resource/Vélo-Club_La_Pomme_Marseille http://dbpedia.org/resource/Delko–Marseille_Provence_KTM http://dbpedia.org/resource/Team_La_Pomme_Marseille_13 http://dbpedia.org/resource/Velo-Club_La_Pomme_Marseille"
"1","25","Cycling Academy Team","http://dbpedia.org/resource/Israel_Cycling_Academy","http://dbpedia.org/resource/Cycling_Academy_Team"
"1","28","Norda-MG.Kvis Vega","nan","http://dbpedia.org/resource/Norda-MG.Kvis_Vega http://dbpedia.org/resource/MG.Kvis–Vega http://dbpedia.org/resource/Norda–MG.Kvis_Vega http://dbpedia.org/resource/MG.Kvis-Vega http://dbpedia.org/resource/Vega_-_Hotsand http://dbpedia.org/resource/Norda-MG._K_Vis http://dbpedia.org/resource/MG_KVis-Vega http://dbpedia.org/resource/MGKvis-Vega http://dbpedia.org/resource/MG.Kvis_Vega http://dbpedia.org/resource/MG.Kvis_-_Vega http://dbpedia.org/resource/MG-Kvis_-_Vega http://dbpedia.org/resource/MGkvis-Vega http://dbpedia.org/resource/Vega-Hotsand"
"1","29","MG.Kvis-Vega","http://dbpedia.org/resource/Sangemini–MG.K_Vis","http://dbpedia.org/resource/Norda-MG.Kvis_Vega http://dbpedia.org/resource/MG.Kvis–Vega http://dbpedia.org/resource/Norda–MG.Kvis_Vega http://dbpedia.org/resource/MG.Kvis-Vega http://dbpedia.org/resource/Vega_-_Hotsand http://dbpedia.org/resource/Norda-MG._K_Vis http://dbpedia.org/resource/MG_KVis-Vega http://dbpedia.org/resource/MGKvis-Vega http://dbpedia.org/resource/MG.Kvis_Vega http://dbpedia.org/resource/MG.Kvis_-_Vega http://dbpedia.org/resource/MG-Kvis_-_Vega http://dbpedia.org/resource/MGkvis-Vega http://dbpedia.org/resource/Vega-Hotsand"
"1","31","Rad-Net Rose Team","nan","http://dbpedia.org/resource/Rad-Net_Rose_Team"
"1","34","Bora–Argon 18","http://dbpedia.org/resource/Bora–Hansgrohe","http://dbpedia.org/resource/Bora-Argon_18 http://dbpedia.org/resource/Bora–Argon_18 http://dbpedia.org/resource/Team_NetApp-Endura http://dbpedia.org/resource/Team_NetApp"
"1","35","Stölting Service Group","http://dbpedia.org/resource/Stölting_Service_Group_(cycling_team)","http://dbpedia.org/resource/Glud_&_Marstrand_Horsens http://dbpedia.org/resource/Cult_Energy_Pro_Cycling http://dbpedia.org/resource/CULT_Energy_Pro_Cycling http://dbpedia.org/resource/Glud_&_Marstrand-LRO http://dbpedia.org/resource/Glud_&_Marstrand-LRØ_Rådgivning http://dbpedia.org/resource/Glud_&_Marstrand-LRØ_Radgivning http://dbpedia.org/resource/Glud_&_Marstrand-Horsens http://dbpedia.org/resource/Cult_Energy-Vital_Water http://dbpedia.org/resource/Team_Cult_Energy http://dbpedia.org/resource/Stölting_Service_Group http://dbpedia.org/resource/Glud_&_Marstrand-LRØ"
"1","37","Team Katusha","http://dbpedia.org/resource/Katusha–Alpecin","http://dbpedia.org/resource/Team_Katyusha http://dbpedia.org/resource/Team_Katusha http://dbpedia.org/resource/Katyusha_(cycling_team)"
"1","38","USA Paralympics","http://dbpedia.org/resource/USA_Network","http://dbpedia.org/resource/USOC http://dbpedia.org/resource/U.S.O.C http://dbpedia.org/resource/Paralympics_USA http://dbpedia.org/resource/US_Olympic_Committee http://dbpedia.org/resource/U.S._Paralympics http://dbpedia.org/resource/USA_Paralympics http://dbpedia.org/resource/American_Olympic_Committee http://dbpedia.org/resource/US_Paralympics_team http://dbpedia.org/resource/United_States_Olympic_Team http://dbpedia.org/resource/U.S._Olympic_Committee http://dbpedia.org/resource/NPC_USA http://dbpedia.org/resource/U.S._Paralympic_Team http://dbpedia.org/resource/United_States_Paralympic_Committee http://dbpedia.org/resource/United_States_Paralympic_Team http://dbpedia.org/resource/US_Paralympic_Team http://dbpedia.org/resource/United_States_Olympic_Committee http://dbpedia.org/resource/US_Olympic_Team http://dbpedia.org/resource/US_Paralympics_-_United_States_Olympic_Committee http://dbpedia.org/resource/United_States_Olympic_team http://dbpedia.org/resource/US_Paralympics http://dbpedia.org/resource/US_Olympic_Committee_Headquarters"
"1","44","Pepper Palace Pro Cycling p/b The Happy Tooth","http://dbpedia.org/resource/Happy_Tooth_Women's_Racing","http://dbpedia.org/resource/Pepper_Palace_p/b_The_Happy_Tooth http://dbpedia.org/resource/Pepper_Palace_Pro_Cycling_p/b_The_Happy_Tooth"
"1","45","Orica-AIS","http://dbpedia.org/resource/Mitchelton–Scott_(women's_team)","http://dbpedia.org/resource/GreenEDGE-AIS http://dbpedia.org/resource/Orica-AIS http://dbpedia.org/resource/GreenEdge-AIS http://dbpedia.org/resource/Orica–AIS"
"1","47","HP BTP-Auber93","http://dbpedia.org/resource/St._Michel–Auber93","http://dbpedia.org/resource/HP_BTP–Auber93 http://dbpedia.org/resource/BigMat-Auber93 http://dbpedia.org/resource/Big_Mat-Auber_93 http://dbpedia.org/resource/Auber_93 http://dbpedia.org/resource/Aubervilliers_93-Peugeot http://dbpedia.org/resource/HP_BTP-Auber93 http://dbpedia.org/resource/HP-BTP_Auber_93 http://dbpedia.org/resource/BigMat-Auber_93"
"1","48","Topsport Vlaanderen-Baloise","http://dbpedia.org/resource/Sport_Vlaanderen–Baloise","http://dbpedia.org/resource/Topsport_Vlaanderen–Mercator http://dbpedia.org/resource/Topsport_Vlaanderen-Mercator http://dbpedia.org/resource/Topsport_Vlaanderen-Baloise http://dbpedia.org/resource/Topsport_Vlaanderen_–_Mercator http://dbpedia.org/resource/Vlaanderen_-_T_Interim http://dbpedia.org/resource/Vlaanderen-Capri_Sonne-T-Interim http://dbpedia.org/resource/Topsport_Vlaanderen http://dbpedia.org/resource/Topsport_Vlaanderen_-_Mercator http://dbpedia.org/resource/Chocolade_Jacques_(cycling) http://dbpedia.org/resource/Topsport_Vlaanderen–Baloise http://dbpedia.org/resource/Chocolade_Jacques http://dbpedia.org/resource/Chocolade_Jacques-Wincor http://dbpedia.org/resource/Chocolade_Jacques-Topsport_Vlaanderen http://dbpedia.org/resource/Vlaanderen-T_Interim http://dbpedia.org/resource/Vlaanderen_2002 http://dbpedia.org/resource/Chocolade_Jacques-Wincor_Nixdorf http://dbpedia.org/resource/Chocolade_Jacques–Wincor_Nixdorf"
"1","50","Team Giant–Alpecin","http://dbpedia.org/resource/Team_Sunweb_(men's_team)","http://dbpedia.org/resource/Skil-Shimano http://dbpedia.org/resource/Skil–Shimano http://dbpedia.org/resource/Giant-Alpecin http://dbpedia.org/resource/Argos-Shimano http://dbpedia.org/resource/Project_1t4i http://dbpedia.org/resource/Shimano-Memory_Corp http://dbpedia.org/resource/Giant-Shimano http://dbpedia.org/resource/Skil_Shimano http://dbpedia.org/resource/Team_Giant-Alpecin http://dbpedia.org/resource/Team_Giant–Alpecin"
"1","51","Orgullo Antioqueño","nan","http://dbpedia.org/resource/Gobernación_de_Antioquia-Indeportes_Antioquia http://dbpedia.org/resource/Orgullo_Antioqueño http://dbpedia.org/resource/Orgullo_Antioqueno"
"1","52","Team Katusha","http://dbpedia.org/resource/Katusha–Alpecin","http://dbpedia.org/resource/Team_Katyusha http://dbpedia.org/resource/Team_Katusha http://dbpedia.org/resource/Katyusha_(cycling_team)"
"1","53","Cannondale-Garmin","http://dbpedia.org/resource/EF_Education_First_Pro_Cycling","http://dbpedia.org/resource/Garmin_Slipstream http://dbpedia.org/resource/Team_Garmin-Transitions http://dbpedia.org/resource/Garmin–Transitions http://dbpedia.org/resource/Slipstream_Chipotle http://dbpedia.org/resource/Garmin-Barracuda http://dbpedia.org/resource/Garmin-Sharp_UCI_ProTeam http://dbpedia.org/resource/Cannondale-Garmin http://dbpedia.org/resource/Team_Garmin-Chipotle http://dbpedia.org/resource/Team_Slipstream http://dbpedia.org/resource/Garmin–Slipstream http://dbpedia.org/resource/Cannondale–Garmin http://dbpedia.org/resource/Team_TIAA-CREF http://dbpedia.org/resource/Garmin–Cervélo http://dbpedia.org/resource/Garmin-Slipstream http://dbpedia.org/resource/Team_Cannondale-Garmin http://dbpedia.org/resource/Garmin-Sharp http://dbpedia.org/resource/Team_Slipstream_presented_by_Chipotle http://dbpedia.org/resource/Garmin-Sharp-Barracuda http://dbpedia.org/resource/Team_Garmin-Slipstream http://dbpedia.org/resource/Garmin-Chipotle http://dbpedia.org/resource/Garmin-Transitions http://dbpedia.org/resource/Cannondale_Pro_Cycling_Team http://dbpedia.org/resource/Cannondale–Drapac http://dbpedia.org/resource/Garmin-Cervélo http://dbpedia.org/resource/Cannondale-Drapac http://dbpedia.org/resource/Slipstream_Chipotle_presented_by_H30 http://dbpedia.org/resource/Slipstream-Chipotle http://dbpedia.org/resource/Team_Garmin_Slipstream"
"1","57","GreenEDGE Cycling","http://dbpedia.org/resource/Mitchelton–Scott_(men's_team)","http://dbpedia.org/resource/Orica-GreenEDGE http://dbpedia.org/resource/Greenedge http://dbpedia.org/resource/Orica_Greenedge http://dbpedia.org/resource/Orica–GreenEDGE http://dbpedia.org/resource/Orica_GreenEDGE http://dbpedia.org/resource/Orica–BikeExchange http://dbpedia.org/resource/GreenEDGE_Cycling http://dbpedia.org/resource/GreenEDGE_cycling http://dbpedia.org/resource/GreenEDGE http://dbpedia.org/resource/Orica-BikeExchange"
"1","60","Rietumu-Delfin","http://dbpedia.org/resource/Rietumu_Banka–Riga","http://dbpedia.org/resource/Rietumu_Banka_-_Rīga http://dbpedia.org/resource/Rietumu_banka_-_Riga http://dbpedia.org/resource/Rietumu_Banka-Riga http://dbpedia.org/resource/Rietumu_Banka_-_Riga http://dbpedia.org/resource/Rietumu_banka_-_Rīga http://dbpedia.org/resource/Rietumu_Bank_–_Riga http://dbpedia.org/resource/Rietumu_banka_–_Rīga http://dbpedia.org/resource/Rietumu_Bank-Riga http://dbpedia.org/resource/Rietumu_-_Delfin http://dbpedia.org/resource/Rietumu–Delfin http://dbpedia.org/resource/Rietumu-Delfin http://dbpedia.org/resource/Rietumu_bank_–_Riga http://dbpedia.org/resource/Rietumu_bank_-_Riga http://dbpedia.org/resource/Rietumu_Bank_Riga http://dbpedia.org/resource/Rietumu_Banka_–_Rīga http://dbpedia.org/resource/Rietumu_Bank_-_Riga"
"1","61","Team Almeborg-Bornholm","http://dbpedia.org/resource/BHS–Almeborg_Bornholm","http://dbpedia.org/resource/Team_Almeborg-Bornholm http://dbpedia.org/resource/Team_Almeborg–Bornholm"
"1","62","Dare 2B","http://dbpedia.org/resource/Java–Partizan_Pro_Cycling_Team","http://dbpedia.org/resource/Dare_2B http://dbpedia.org/resource/Domin_Sport"
"1","65","Parkhotel Valkenburg Continental Team","http://dbpedia.org/resource/Monkey_Town_Continental_Team","http://dbpedia.org/resource/Parkhotel_Valkenburg_CT http://dbpedia.org/resource/Parkhotel_Valkenburg_CT_(men's_team) http://dbpedia.org/resource/Parkhotel_Valkenburg_Continental_Team_(men's_team)"
"1","69","Clube de Ciclismo de Tavira","http://dbpedia.org/resource/Sporting_CP/Tavira","http://dbpedia.org/resource/Banco_BIC-Carmim http://dbpedia.org/resource/Clube_de_Ciclismo_de_Tavira http://dbpedia.org/resource/Palmeiras_Resort-Tavira http://dbpedia.org/resource/Team_Tavira http://dbpedia.org/resource/Palmeiras_Resort-Prio http://dbpedia.org/resource/Carmim-Tavira http://dbpedia.org/resource/Sporting-Tavira http://dbpedia.org/resource/Clube_de_ciclismo_de_tavira http://dbpedia.org/resource/Sporting_Clube_de_Portugal/Tavira http://dbpedia.org/resource/Carmim-Prio http://dbpedia.org/resource/Tavira-Prio http://dbpedia.org/resource/Duja/Tavira"
"1","72","Marseille 13-KTM","http://dbpedia.org/resource/Delko–Marseille_Provence","http://dbpedia.org/resource/Delko-Marseille_Provence_KTM http://dbpedia.org/resource/VC_La_Pomme http://dbpedia.org/resource/Vélo_Club_La_Pomme_Marseille http://dbpedia.org/resource/VC_La_Pomme_Marseille http://dbpedia.org/resource/Marseille_13-KTM http://dbpedia.org/resource/La_Pomme_Marseille http://dbpedia.org/resource/Marseille_13–KTM http://dbpedia.org/resource/Vélo-Club_La_Pomme_Marseille http://dbpedia.org/resource/Delko–Marseille_Provence_KTM http://dbpedia.org/resource/Team_La_Pomme_Marseille_13 http://dbpedia.org/resource/Velo-Club_La_Pomme_Marseille"
"1","73","Whirlpool-Author","http://dbpedia.org/resource/Elkov–Author","http://dbpedia.org/resource/Whirlpool–Author http://dbpedia.org/resource/PSK_Whirlpool_–_Author http://dbpedia.org/resource/Bauknecht-Author http://dbpedia.org/resource/PSK_Whirlpool_-_Author http://dbpedia.org/resource/PSK_Whirlpool-Author http://dbpedia.org/resource/Whirlpool-Author http://dbpedia.org/resource/PSK_Whirlpool"
"1","74","ASC Dukla Praha","http://dbpedia.org/resource/Team_Dukla_Praha_(men's_team)","http://dbpedia.org/resource/ASC_Dukla_Praha http://dbpedia.org/resource/Team_Dukla_Praha"
"1","75","Alé Cipollini","http://dbpedia.org/resource/Alé–Cipollini","http://dbpedia.org/resource/Ale_Cipollini http://dbpedia.org/resource/Alé_Cipolini http://dbpedia.org/resource/MCipollini-Giambenini http://dbpedia.org/resource/Alé-Cipollini-Galassia http://dbpedia.org/resource/SC_MCipollini_Giordana http://dbpedia.org/resource/MCipollini–Giambenini http://dbpedia.org/resource/MCipollini_Giordana http://dbpedia.org/resource/MCipollini–Giordana http://dbpedia.org/resource/Mcipollini-Giordana http://dbpedia.org/resource/Alé_Cipollini http://dbpedia.org/resource/Alé–Cipollini–Galassia http://dbpedia.org/resource/MCipollini-Giordana"
"1","76","Clube de Ciclismo de Tavira","http://dbpedia.org/resource/Sporting_CP/Tavira","http://dbpedia.org/resource/Banco_BIC-Carmim http://dbpedia.org/resource/Clube_de_Ciclismo_de_Tavira http://dbpedia.org/resource/Palmeiras_Resort-Tavira http://dbpedia.org/resource/Team_Tavira http://dbpedia.org/resource/Palmeiras_Resort-Prio http://dbpedia.org/resource/Carmim-Tavira http://dbpedia.org/resource/Sporting-Tavira http://dbpedia.org/resource/Clube_de_ciclismo_de_tavira http://dbpedia.org/resource/Sporting_Clube_de_Portugal/Tavira http://dbpedia.org/resource/Carmim-Prio http://dbpedia.org/resource/Tavira-Prio http://dbpedia.org/resource/Duja/Tavira"
"1","77","Team Trefor-Blue Water","http://dbpedia.org/resource/Blue_Water_Cycling","http://dbpedia.org/resource/Team_Trefor http://dbpedia.org/resource/Team_TreFor-Blue_Water http://dbpedia.org/resource/Team_TreFor–Blue_Water http://dbpedia.org/resource/Trefor-Blue_Water http://dbpedia.org/resource/Team_Virtu_Pro–Veloconcept http://dbpedia.org/resource/Team_TreFor http://dbpedia.org/resource/Team_Tre-For http://dbpedia.org/resource/Team_Trefor-Blue_Water http://dbpedia.org/resource/Team_Trefor_-_Blue_Water http://dbpedia.org/resource/Team_Virtu_Pro-Veloconcept"
"1","80","Avanti IsoWhey Sports","nan","http://dbpedia.org/resource/Genesys_Wealth_Advisers_(cycling_team) http://dbpedia.org/resource/Avanti_IsoWhey_Sports http://dbpedia.org/resource/Huon_Salmon-Genesys_Wealth_Advisers http://dbpedia.org/resource/Avanti_Racing_Team http://dbpedia.org/resource/Genesys_Wealth_Advisers"
"1","81","Team Vorarlberg","http://dbpedia.org/resource/Team_Vorarlberg_Santic","http://dbpedia.org/resource/Team_Vorarlberg http://dbpedia.org/resource/Volksbank-Vorarlberg http://dbpedia.org/resource/Vorarlberg–Corratec http://dbpedia.org/resource/Team_Volksbank http://dbpedia.org/resource/Volksbank-Ideal http://dbpedia.org/resource/Volksbank-Schwinn http://dbpedia.org/resource/Volksbank-Ideal_Leingruber http://dbpedia.org/resource/Vorarlberg-Corratec http://dbpedia.org/resource/ÖAMTC_Volksbank-Colnago"
"1","82","Amplatz-BMC","http://dbpedia.org/resource/My_Bike–Stevens","http://dbpedia.org/resource/Amplatz-BMC http://dbpedia.org/resource/Amplatz–BMC http://dbpedia.org/resource/Amplatz_-_BMC"
"1","83","Team Tre Berg-Bianchi","http://dbpedia.org/resource/Team_Tre_Berg–PostNord","http://dbpedia.org/resource/Team_Tre_Berg-Bianchi http://dbpedia.org/resource/Team_Tre_Berg–Bianchi"
"1","84","Parkhotel Valkenburg Continental Team","http://dbpedia.org/resource/Monkey_Town_Continental_Team","http://dbpedia.org/resource/Parkhotel_Valkenburg_CT http://dbpedia.org/resource/Parkhotel_Valkenburg_CT_(men's_team) http://dbpedia.org/resource/Parkhotel_Valkenburg_Continental_Team_(men's_team)"
"1","85","Amore & Vita-Selle SMP","http://dbpedia.org/resource/Amore_&_Vita–Prodir","http://dbpedia.org/resource/Amore_&_Vita http://dbpedia.org/resource/Amore_&_Vita-Beretta http://dbpedia.org/resource/Amore_&_Vita-McDonald's http://dbpedia.org/resource/Amore_&_Vita-Conad http://dbpedia.org/resource/Amore_&_Vita_-_Selle_SMP http://dbpedia.org/resource/Amore_&_Vita-Forzacore http://dbpedia.org/resource/Amore_&_Vita-Selle_SMP http://dbpedia.org/resource/Amore_&_Vita–Selle_SMP http://dbpedia.org/resource/Polli-Mobiexport"
"1","86","Unieuro–Wilier","http://dbpedia.org/resource/Trevigiani_Phonix–Hemus_1896","http://dbpedia.org/resource/MG_KVis-Wilier http://dbpedia.org/resource/Unieuro_Wilier_Trevigiani http://dbpedia.org/resource/MG.Kvis-Wilier http://dbpedia.org/resource/MG_KVIS_-_Trevigiani http://dbpedia.org/resource/MG.KVis-Wilier http://dbpedia.org/resource/Unieuro–Wilier http://dbpedia.org/resource/MG.Kvis-Trevigiani http://dbpedia.org/resource/MG_Kvis_-_Wilier http://dbpedia.org/resource/UniEuro_Wilier http://dbpedia.org/resource/Unieuro-Wilier http://dbpedia.org/resource/Team_Unieuro_Wilier_Trevigiani"
"1","88","Team Roth","http://dbpedia.org/resource/Akros–Thömus","http://dbpedia.org/resource/Roth_Skoda http://dbpedia.org/resource/Marchiol-Emisfero http://dbpedia.org/resource/Roth-Skoda http://dbpedia.org/resource/Roth-Škoda http://dbpedia.org/resource/Marchiol–Emisfero http://dbpedia.org/resource/Team_Roth http://dbpedia.org/resource/Roth–Škoda"
"1","92","BMC Racing Team","http://dbpedia.org/resource/CCC_Pro_Team","http://dbpedia.org/resource/BMC_Racing_Team http://dbpedia.org/resource/Team_BMC"
"1","93","Madison Saracen","http://dbpedia.org/resource/Madison_Genesis","http://dbpedia.org/resource/Madison_Saracen"
"1","94","Nippo-Vini Fantini","http://dbpedia.org/resource/Nippo–Vini_Fantini–Faizanè","http://dbpedia.org/resource/Team_Nippo http://dbpedia.org/resource/D'Angelo_&_Antenucci http://dbpedia.org/resource/Nippo-Vini_Fantini http://dbpedia.org/resource/Nippo–Vini_Fantini http://dbpedia.org/resource/CDC-Cavaliere http://dbpedia.org/resource/Team_Nippo–De_Rosa http://dbpedia.org/resource/Team_Nippo_-_De_Rosa http://dbpedia.org/resource/Vini_Fantini-Nippo http://dbpedia.org/resource/Team_Nippo-De_Rosa http://dbpedia.org/resource/D'Angelo_&_Antenucci-Nippo"
"1","95","Skydive Dubai-Al Ahli Club","http://dbpedia.org/resource/Skydive_Dubai–Al_Ahli_Pro_Cycling_Team","http://dbpedia.org/resource/Skydive_Dubai_Pro_Cycling_Team–Al_Ahli_Club http://dbpedia.org/resource/Skydive_Dubai_Pro_Cycling_Team-Al_Ahli_Club http://dbpedia.org/resource/SkyDive_Dubai_Pro_Cycling_Team http://dbpedia.org/resource/Skydive_Dubai-Al_Ahli_Club http://dbpedia.org/resource/Skydive_Dubai_Pro_Cycling http://dbpedia.org/resource/Skydive_Dubai_Pro_Cycling_Team_-_Al_Ahli_Club http://dbpedia.org/resource/Skydive_Dubai–Al_Ahli_Club"
"1","97","Team TreFor–Blue Water","http://dbpedia.org/resource/Blue_Water_Cycling","http://dbpedia.org/resource/Team_Trefor http://dbpedia.org/resource/Team_TreFor-Blue_Water http://dbpedia.org/resource/Team_TreFor–Blue_Water http://dbpedia.org/resource/Trefor-Blue_Water http://dbpedia.org/resource/Team_Virtu_Pro–Veloconcept http://dbpedia.org/resource/Team_TreFor http://dbpedia.org/resource/Team_Tre-For http://dbpedia.org/resource/Team_Trefor-Blue_Water http://dbpedia.org/resource/Team_Trefor_-_Blue_Water http://dbpedia.org/resource/Team_Virtu_Pro-Veloconcept"
"1","101","Lampre-Merida","http://dbpedia.org/resource/UAE_Team_Emirates","http://dbpedia.org/resource/Lampre-N.G.C http://dbpedia.org/resource/Lampre-Farnese http://dbpedia.org/resource/Lampre-Merida http://dbpedia.org/resource/Lampre–NGC http://dbpedia.org/resource/Lampre-Fondital http://dbpedia.org/resource/Lampre-NGC http://dbpedia.org/resource/Lampre_Merida http://dbpedia.org/resource/Lampre_N.G.C. http://dbpedia.org/resource/Lampre–N.G.C. http://dbpedia.org/resource/Lampre_(UCI_ProTour) http://dbpedia.org/resource/Lampre–Merida http://dbpedia.org/resource/Lampre-Caffita http://dbpedia.org/resource/Lampre-Farnese_Vini http://dbpedia.org/resource/Lampre-N.G.C. http://dbpedia.org/resource/Lampre_-_Caffita http://dbpedia.org/resource/Team_Lampre http://dbpedia.org/resource/Lampre-ISD http://dbpedia.org/resource/Lampre_(cycling_team)"
"1","102","Avanti IsoWhey Sports","nan","http://dbpedia.org/resource/Genesys_Wealth_Advisers_(cycling_team) http://dbpedia.org/resource/Avanti_IsoWhey_Sports http://dbpedia.org/resource/Huon_Salmon-Genesys_Wealth_Advisers http://dbpedia.org/resource/Avanti_Racing_Team http://dbpedia.org/resource/Genesys_Wealth_Advisers"
"1","103","UnitedHealthcare","http://dbpedia.org/resource/UnitedHealthcare_Pro_Cycling_(men's_team)","http://dbpedia.org/resource/Health_Net_(cycling_team) http://dbpedia.org/resource/OUCH-Maxxis http://dbpedia.org/resource/OUCH_Pro_Cycling_Team http://dbpedia.org/resource/UnitedHealthcare_(cycling_team) http://dbpedia.org/resource/UnitedHealthcare-Maxxis http://dbpedia.org/resource/OUCH–Maxxis http://dbpedia.org/resource/United_Healthcare_(cycling_team)"
"1","105","Team Roth","http://dbpedia.org/resource/Akros–Thömus","http://dbpedia.org/resource/Roth_Skoda http://dbpedia.org/resource/Marchiol-Emisfero http://dbpedia.org/resource/Roth-Skoda http://dbpedia.org/resource/Roth-Škoda http://dbpedia.org/resource/Marchiol–Emisfero http://dbpedia.org/resource/Team_Roth http://dbpedia.org/resource/Roth–Škoda"
"1","106","Airgas-Safeway Cycling Team","http://dbpedia.org/resource/Team_Illuminate_(men's_team)","http://dbpedia.org/resource/Team_Illuminate http://dbpedia.org/resource/Airgas-Safeway_Cycling_Team"
"1","107","Rietumu Banka - Riga","http://dbpedia.org/resource/Rietumu_Banka–Riga","http://dbpedia.org/resource/Rietumu_Banka_-_Rīga http://dbpedia.org/resource/Rietumu_banka_-_Riga http://dbpedia.org/resource/Rietumu_Banka-Riga http://dbpedia.org/resource/Rietumu_Banka_-_Riga http://dbpedia.org/resource/Rietumu_banka_-_Rīga http://dbpedia.org/resource/Rietumu_Bank_–_Riga http://dbpedia.org/resource/Rietumu_banka_–_Rīga http://dbpedia.org/resource/Rietumu_Bank-Riga http://dbpedia.org/resource/Rietumu_-_Delfin http://dbpedia.org/resource/Rietumu–Delfin http://dbpedia.org/resource/Rietumu-Delfin http://dbpedia.org/resource/Rietumu_bank_–_Riga http://dbpedia.org/resource/Rietumu_bank_-_Riga http://dbpedia.org/resource/Rietumu_Bank_Riga http://dbpedia.org/resource/Rietumu_Banka_–_Rīga http://dbpedia.org/resource/Rietumu_Bank_-_Riga"
"1","111","Trek Factory Racing","http://dbpedia.org/resource/Trek–Segafredo_(men's_team)","http://dbpedia.org/resource/Trek_Factory_Racing http://dbpedia.org/resource/RadioShack-Nissan-Trek http://dbpedia.org/resource/RadioShack-Leopard http://dbpedia.org/resource/Trek–Segafredo http://dbpedia.org/resource/Team_Leopard-Trek http://dbpedia.org/resource/Leopard-Trek http://dbpedia.org/resource/Team_Leopard http://dbpedia.org/resource/RadioShack-Nissan http://dbpedia.org/resource/Luxembourg_Pro_Cycling_Project http://dbpedia.org/resource/LEOPARD_TREK http://dbpedia.org/resource/Leopard_Trek http://dbpedia.org/resource/Radioshack_Nissan_Trek_Pro_Cycling_Team http://dbpedia.org/resource/Leopard_True_Racing http://dbpedia.org/resource/Trek-Segafredo"
"1","112","CCN Cycling Team","http://dbpedia.org/resource/Seoul_Cycling_Team","http://dbpedia.org/resource/Black_Inc_Cycling_Team http://dbpedia.org/resource/CCN_Cycling_Team"
"1","113","Lampre–Merida","http://dbpedia.org/resource/UAE_Team_Emirates","http://dbpedia.org/resource/Lampre-N.G.C http://dbpedia.org/resource/Lampre-Farnese http://dbpedia.org/resource/Lampre-Merida http://dbpedia.org/resource/Lampre–NGC http://dbpedia.org/resource/Lampre-Fondital http://dbpedia.org/resource/Lampre-NGC http://dbpedia.org/resource/Lampre_Merida http://dbpedia.org/resource/Lampre_N.G.C. http://dbpedia.org/resource/Lampre–N.G.C. http://dbpedia.org/resource/Lampre_(UCI_ProTour) http://dbpedia.org/resource/Lampre–Merida http://dbpedia.org/resource/Lampre-Caffita http://dbpedia.org/resource/Lampre-Farnese_Vini http://dbpedia.org/resource/Lampre-N.G.C. http://dbpedia.org/resource/Lampre_-_Caffita http://dbpedia.org/resource/Team_Lampre http://dbpedia.org/resource/Lampre-ISD http://dbpedia.org/resource/Lampre_(cycling_team)"
"1","114","Axeon Cycling Team","http://dbpedia.org/resource/Hagens_Berman_Axeon","http://dbpedia.org/resource/Axeon_Hagens_Berman http://dbpedia.org/resource/Axeon_Cycling_Team http://dbpedia.org/resource/Bissell_Development_Team http://dbpedia.org/resource/Trek_Livestrong_U23 http://dbpedia.org/resource/Axeon-Hagens_Berman http://dbpedia.org/resource/Axeon–Hagens_Berman"
"1","115","GreenEDGE-AIS","http://dbpedia.org/resource/Mitchelton–Scott_(women's_team)","http://dbpedia.org/resource/GreenEDGE-AIS http://dbpedia.org/resource/Orica-AIS http://dbpedia.org/resource/GreenEdge-AIS http://dbpedia.org/resource/Orica–AIS"
"1","116","Orica-AIS","http://dbpedia.org/resource/Mitchelton–Scott_(women's_team)","http://dbpedia.org/resource/GreenEDGE-AIS http://dbpedia.org/resource/Orica-AIS http://dbpedia.org/resource/GreenEdge-AIS http://dbpedia.org/resource/Orica–AIS"
"1","118","UnitedHealthcare Women's Team","http://dbpedia.org/resource/UnitedHealthcare_Pro_Cycling_(men's_team)","http://dbpedia.org/resource/UnitedHealthcare_Professional_Cycling_Team http://dbpedia.org/resource/UnitedHealthcare_Women's_Team http://dbpedia.org/resource/UnitedHealthcare_Women’s_Team"
"1","119","Team Europcar","http://dbpedia.org/resource/Total_Direct_Énergie_(cycling_team)","http://dbpedia.org/resource/Bouygues_Télécom_(cycling_team) http://dbpedia.org/resource/Bouygues_Télécom_Cycling_Team http://dbpedia.org/resource/Bouygues_Telecom_(cycling_team) http://dbpedia.org/resource/Bbox_Bouygues_Telecom http://dbpedia.org/resource/Bonjour_(cycling_team) http://dbpedia.org/resource/Team_Europcar http://dbpedia.org/resource/Europcar_(cycling_team) http://dbpedia.org/resource/Brioches_La_Boulangere http://dbpedia.org/resource/Brioches_la_Boulangere http://dbpedia.org/resource/Direct_Énergie http://dbpedia.org/resource/Brioches_la_boulangere http://dbpedia.org/resource/Brioches_La_Boulangère"
"1","120","Vaiano-Fondriest","http://dbpedia.org/resource/Aromitalia–Basso_Bikes–Vaiano","http://dbpedia.org/resource/Vaiano_Tepso http://dbpedia.org/resource/Vaiano_Solaristech http://dbpedia.org/resource/Aromitalia_Vaiano http://dbpedia.org/resource/Vaiano-Fondriest http://dbpedia.org/resource/Vaiano_Fondriest"
"1","123","United Kingdom","http://dbpedia.org/resource/Miss_United_Kingdom","http://dbpedia.org/resource/U.K http://dbpedia.org/resource/Etymology_of_the_United_Kingdom http://dbpedia.org/resource/Great_Britain_&_Ulster http://dbpedia.org/resource/Great_Britain_(country) http://dbpedia.org/resource/Great_britain_and_northern_ireland http://dbpedia.org/resource/British_State http://dbpedia.org/resource/Royaume-Uni http://dbpedia.org/resource/United_Kingdom_of_Great_Britain_and_North_Ireland http://dbpedia.org/resource/Y_Deyrnas_Unedig http://dbpedia.org/resource/United_Kingdom_of_Great_Britain_&_Ulster http://dbpedia.org/resource/Great_Britain_(1801–present) http://dbpedia.org/resource/U.-K. http://dbpedia.org/resource/Regno_Unito http://dbpedia.org/resource/British_United_Kingdom http://dbpedia.org/resource/Uk http://dbpedia.org/resource/The_U.K. http://dbpedia.org/resource/U._K._G._B._N._I. http://dbpedia.org/resource/Great_Britain_and_Ulster http://dbpedia.org/resource/U.k. http://dbpedia.org/resource/United_Kindgom http://dbpedia.org/resource/United_Kindom http://dbpedia.org/resource/United_Kingdom_of_Great_Britain_&_Northern_Ireland http://dbpedia.org/resource/United_Kingom http://dbpedia.org/resource/Uk. http://dbpedia.org/resource/UKoGBaNI http://dbpedia.org/resource/UnitedKingdom http://dbpedia.org/resource/Vereinigtes_Königreich http://dbpedia.org/resource/Royaume_Uni http://dbpedia.org/resource/TUKOGBANI http://dbpedia.org/resource/United_Kingdom_(state) http://dbpedia.org/resource/UN/LOCODE:TRANK http://dbpedia.org/resource/The_United_Kingdom_of_Great_Britain_&_Ulster http://dbpedia.org/resource/Untied_Kingdom http://dbpedia.org/resource/Reino_Unido http://dbpedia.org/resource/United_Kingdom_(country) http://dbpedia.org/resource/UKGBR http://dbpedia.org/resource/U.K. http://dbpedia.org/resource/Verenigd_Koninkrijk http://dbpedia.org/resource/United_Kingdom_(UK) http://dbpedia.org/resource/The_United_Kingdom http://dbpedia.org/resource/Britain_(state) http://dbpedia.org/resource/United_Kingdom_of_Great_Britain_and_Ulster http://dbpedia.org/resource/Great_Britain_and_Northern_Ireland http://dbpedia.org/resource/Britain_(country) http://dbpedia.org/resource/British_state http://dbpedia.org/resource/UK_of_GB_&_NI http://dbpedia.org/resource/United_Kingdom http://dbpedia.org/resource/Great_Britain_(1801-present) http://dbpedia.org/resource/United_Kingdom's http://dbpedia.org/resource/UK_(state) http://dbpedia.org/resource/UK http://dbpedia.org/resource/The_United_Kingdom_of_Great_Britain_and_Northern_Ireland http://dbpedia.org/resource/United_Kingdom, http://dbpedia.org/resource/UNITED_KINGDOM http://dbpedia.org/resource/United_kingdom_of_great_britain_and_northern_ireland http://dbpedia.org/resource/United_kingdom http://dbpedia.org/resource/United_Kingdom_of_Great_Britain_and_Northern_Ireland http://dbpedia.org/resource/UK_(country) http://dbpedia.org/resource/United_Kingdom_of_Great_Britain_and_Northern_Island http://dbpedia.org/resource/United-Kingdom http://dbpedia.org/resource/UNited_Kingdom http://dbpedia.org/resource/United_Kingdom_of_Britain http://dbpedia.org/resource/United_Kingdon http://dbpedia.org/resource/UKofGBNI http://dbpedia.org/resource/U_K http://dbpedia.org/resource/United_Kingsom http://dbpedia.org/resource/UKia http://dbpedia.org/resource/U-K http://dbpedia.org/resource/United_kingom http://dbpedia.org/resource/United_Kingdom_(U.K.) http://dbpedia.org/resource/UK's http://dbpedia.org/resource/UKOGBANI http://dbpedia.org/resource/UKGB http://dbpedia.org/resource/The_UK http://dbpedia.org/resource/ISO_3166-1:GB http://dbpedia.org/resource/UK_of_GB_and_NI http://dbpedia.org/resource/U.K.G.B.N.I. http://dbpedia.org/resource/The_uk http://dbpedia.org/resource/Kingdom_of_Great_Britain_and_Northern_Ireland http://dbpedia.org/resource/UKGBNI"
"1","125","Black Inc Cycling Team","http://dbpedia.org/resource/Nex_CCN_Cycling_Team","http://dbpedia.org/resource/Black_Inc_Cycling_Team http://dbpedia.org/resource/CCN_Cycling_Team"
"1","126","Welsh Cycling","http://dbpedia.org/resource/British_Cycling","http://dbpedia.org/resource/Welsh_Cycling"
"1","128","Hong Kong","http://dbpedia.org/resource/Hong_Kong_national_football_team","http://dbpedia.org/resource/Hong_Kong,_Hong_Kong http://dbpedia.org/resource/Hongkong,_China http://dbpedia.org/resource/Heung-gong http://dbpedia.org/resource/Hong_Kong_Special_Administration_Region http://dbpedia.org/resource/Xianggang_Tebie_Xingzhengqu http://dbpedia.org/resource/Hsian_kang http://dbpedia.org/resource/Hong_Kong_Special_Administrative_Republic http://dbpedia.org/resource/Honk_Kong http://dbpedia.org/resource/Hong_Kong_Special_Administrative_Region http://dbpedia.org/resource/Hong_Kong_City http://dbpedia.org/resource/香港特别行政区 http://dbpedia.org/resource/Hong_cong http://dbpedia.org/resource/Hong_Kong_China http://dbpedia.org/resource/Heung_Gong http://dbpedia.org/resource/Zhōnghuá_rénmín_gònghéguó_xiānggǎng_tèbié_xíngzhèngqū http://dbpedia.org/resource/Hong_Kong_S.A.R. http://dbpedia.org/resource/HKSAR http://dbpedia.org/resource/Hong-Kong http://dbpedia.org/resource/Hong_Kong,_city http://dbpedia.org/resource/中华人民共和国香港特别行政区 http://dbpedia.org/resource/Hon_Kon http://dbpedia.org/resource/Hong_Kong,_SAR http://dbpedia.org/resource/Hèunggóng http://dbpedia.org/resource/Name_of_Hong_Kong http://dbpedia.org/resource/Hog_Kog http://dbpedia.org/resource/Hong_Kong/Infobox http://dbpedia.org/resource/SAR_Hongkong http://dbpedia.org/resource/香港特區 http://dbpedia.org/resource/H_K http://dbpedia.org/resource/Hong_Kong_(China) http://dbpedia.org/resource/Hsangkang http://dbpedia.org/resource/HK http://dbpedia.org/resource/Sianggang http://dbpedia.org/resource/Hoong_Kong http://dbpedia.org/resource/Hsiang-kang http://dbpedia.org/resource/Kong_Hong http://dbpedia.org/resource/Hong_Kong_SAR http://dbpedia.org/resource/Hoeng1_gong2 http://dbpedia.org/resource/Hk http://dbpedia.org/resource/Hong_Kong_S._A._R. http://dbpedia.org/resource/Xiāng_Gǎng http://dbpedia.org/resource/Shang_gang http://dbpedia.org/resource/Xiang_gang http://dbpedia.org/resource/Hong_Kong,China http://dbpedia.org/resource/CN-91 http://dbpedia.org/resource/Hongkong http://dbpedia.org/resource/Hong_Kong_cityscape http://dbpedia.org/resource/Hongkong,China http://dbpedia.org/resource/Heunggong http://dbpedia.org/resource/Hong_Kong/China http://dbpedia.org/resource/HKSAROPRC http://dbpedia.org/resource/香港特区 http://dbpedia.org/resource/Xiang_Gang http://dbpedia.org/resource/Hong_Kong_Special_Administrative_Region_of_China http://dbpedia.org/resource/H.K.S.A.R. http://dbpedia.org/resource/H.K. http://dbpedia.org/resource/Hksar http://dbpedia.org/resource/Xianggang http://dbpedia.org/resource/Hong_Kong,_China http://dbpedia.org/resource/香港特別行政區 http://dbpedia.org/resource/ISO_3166-1:HK http://dbpedia.org/resource/Hong-kong http://dbpedia.org/resource/HongKong http://dbpedia.org/resource/Hyanghang http://dbpedia.org/resource/Hong_Kong_SAR_China http://dbpedia.org/resource/Hon_kon http://dbpedia.org/resource/Hong_Kong http://dbpedia.org/resource/香港 http://dbpedia.org/resource/China/Hong_Kong http://dbpedia.org/resource/Hong_Kong_Special_Administrative_Region_of_the_People's_Republic_of_China http://dbpedia.org/resource/Xiānggǎng http://dbpedia.org/resource/Heung-Gong http://dbpedia.org/resource/Hong_Kong_SAR,_China http://dbpedia.org/resource/中華人民共和國香港特別行政區 http://dbpedia.org/resource/HONG_KONG http://dbpedia.org/resource/Hong_kong http://dbpedia.org/resource/SAR_HongKong http://dbpedia.org/resource/Hsiankang http://dbpedia.org/resource/Hong_Kong/infobox http://dbpedia.org/resource/UN/LOCODE:HKHKG"
"1","130","Team Hitec Products","http://dbpedia.org/resource/Hitec_Products–Birk_Sport","http://dbpedia.org/resource/Team_Hitec_Products http://dbpedia.org/resource/Hitec_Products_UCK http://dbpedia.org/resource/Hitec_Products-Mistral_Home_Cycling_Team http://dbpedia.org/resource/Hitec_Products http://dbpedia.org/resource/Hitec_Products-Mistral_Home http://dbpedia.org/resource/Hitec_Products-UCK http://dbpedia.org/resource/Hitec_Products–Mistral_Home http://dbpedia.org/resource/Team_Hitec_Products_UCK http://dbpedia.org/resource/Hitec_Products–Mistral_Home_Cycling_Team"
"1","131","Twenty16 presented by Sho-Air","http://dbpedia.org/resource/Sho-Air_TWENTY20","http://dbpedia.org/resource/TWENTY16–Ridebiker http://dbpedia.org/resource/TWENTY16-Ridebiker http://dbpedia.org/resource/Twenty16_presented_by_Sho-Air http://dbpedia.org/resource/Exergy_Twenty16 http://dbpedia.org/resource/Exergy_TWENTY16 http://dbpedia.org/resource/Twenty16_p/b_Sho-Air http://dbpedia.org/resource/Exergy_TWENTY12"
"1","134","Pepper Palace p/b The Happy Tooth","http://dbpedia.org/resource/Happy_Tooth_Women's_Racing","http://dbpedia.org/resource/Pepper_Palace_p/b_The_Happy_Tooth http://dbpedia.org/resource/Pepper_Palace_Pro_Cycling_p/b_The_Happy_Tooth"
"1","135","UnitedHealthcare Women's Team","http://dbpedia.org/resource/UnitedHealthcare_Pro_Cycling_(men's_team)","http://dbpedia.org/resource/UnitedHealthcare_Professional_Cycling_Team http://dbpedia.org/resource/UnitedHealthcare_Women's_Team http://dbpedia.org/resource/UnitedHealthcare_Women’s_Team"
"1","136","Team Giant-Alpecin","http://dbpedia.org/resource/Team_Sunweb_(men's_team)","http://dbpedia.org/resource/Skil-Shimano http://dbpedia.org/resource/Skil–Shimano http://dbpedia.org/resource/Giant-Alpecin http://dbpedia.org/resource/Argos-Shimano http://dbpedia.org/resource/Project_1t4i http://dbpedia.org/resource/Shimano-Memory_Corp http://dbpedia.org/resource/Giant-Shimano http://dbpedia.org/resource/Skil_Shimano http://dbpedia.org/resource/Team_Giant-Alpecin http://dbpedia.org/resource/Team_Giant–Alpecin"
"1","137","Drapac Professional Cycling","http://dbpedia.org/resource/UnitedHealthcare_Pro_Cycling_(men's_team)","http://dbpedia.org/resource/Drapac_Porsche http://dbpedia.org/resource/Drapac_Cycling http://dbpedia.org/resource/Drapac-Porsche_Cycling http://dbpedia.org/resource/Drapac_Porsche_Cycling http://dbpedia.org/resource/MG_XPower_Presented_by_BigPond http://dbpedia.org/resource/Drapac_Professional_Cycling http://dbpedia.org/resource/Drapac_Porsche_Development_Program http://dbpedia.org/resource/Drapac_Pro_Cycling"
"1","138","Jelly Belly-Maxxis","http://dbpedia.org/resource/Wildlife_Generation_Pro_Cycling_Team_p/b_Maxxis","http://dbpedia.org/resource/Jelly_Belly_Cycling_Team http://dbpedia.org/resource/Jelly_Belly–Maxxis http://dbpedia.org/resource/Team_Jelly_Belly http://dbpedia.org/resource/Jelly_Belly_(cycling_team) http://dbpedia.org/resource/Jelly_Belly-Kenda http://dbpedia.org/resource/Jelly_Belly-Maxxis http://dbpedia.org/resource/Jell_Belly-Maxxis"
"1","139","Team Liv-Plantur","http://dbpedia.org/resource/Galatasaray_S.K._(men's_basketball)","http://dbpedia.org/resource/Skil-Argos http://dbpedia.org/resource/Team_Giant-Shimano http://dbpedia.org/resource/Team_Skil-Argos http://dbpedia.org/resource/Team_Skil–Argos http://dbpedia.org/resource/Skil_1t4i http://dbpedia.org/resource/Team_Liv-Plantur http://dbpedia.org/resource/Team_Liv–Plantur http://dbpedia.org/resource/Team_Argos-Shimano http://dbpedia.org/resource/Skil_Koga http://dbpedia.org/resource/Liv-Plantur"
"1","141","Axeon–Hagens Berman","http://dbpedia.org/resource/Team_Jamis","http://dbpedia.org/resource/Axeon_Hagens_Berman http://dbpedia.org/resource/Axeon_Cycling_Team http://dbpedia.org/resource/Bissell_Development_Team http://dbpedia.org/resource/Trek_Livestrong_U23 http://dbpedia.org/resource/Axeon-Hagens_Berman http://dbpedia.org/resource/Axeon–Hagens_Berman"
"1","142","Team Joker","http://dbpedia.org/resource/Joker_Fuel_of_Norway","http://dbpedia.org/resource/Team_Joker_Merida http://dbpedia.org/resource/Maxbo_Bianchi http://dbpedia.org/resource/Team_Joker_Bianchi http://dbpedia.org/resource/Joker_Bianchi http://dbpedia.org/resource/Team_Joker http://dbpedia.org/resource/Team_Joker_Byggtorget http://dbpedia.org/resource/Joker-Bianchi http://dbpedia.org/resource/Team_Maxbo_Bianchi http://dbpedia.org/resource/Joker_Merida"
"1","146","Bridgestone-Anchor","nan","http://dbpedia.org/resource/Bridgestone–Anchor http://dbpedia.org/resource/Bridgestone_Anchor_Cycling_Team http://dbpedia.org/resource/Team_Bridgestone_Anchor http://dbpedia.org/resource/Bridgestone_Anchor http://dbpedia.org/resource/Bridgestone-Anchor http://dbpedia.org/resource/Team_Bridgestone-Anchor"
"1","148","Funvic Brasilinvest-São José dos Campos","http://dbpedia.org/resource/Funvic/Soul_Brasil_Pro_Cycling","http://dbpedia.org/resource/Funvic_Soul_Cycles-Carrefour http://dbpedia.org/resource/Funvic_Brasilinvest-São_José_dos_Campos http://dbpedia.org/resource/Funvic_Soul_Cycles–Carrefour http://dbpedia.org/resource/Carrefour_Funvic_Soul_Cycling_Team http://dbpedia.org/resource/Funvic_Brasilinvest-Pindamonhangaba http://dbpedia.org/resource/Funvic-Pindamonhangaba http://dbpedia.org/resource/Funvic_Brasilinvest-Sao_Jose_dos_Campos"
"1","149","Team Hitec Products","http://dbpedia.org/resource/Hitec_Products–Birk_Sport","http://dbpedia.org/resource/Team_Hitec_Products http://dbpedia.org/resource/Hitec_Products_UCK http://dbpedia.org/resource/Hitec_Products-Mistral_Home_Cycling_Team http://dbpedia.org/resource/Hitec_Products http://dbpedia.org/resource/Hitec_Products-Mistral_Home http://dbpedia.org/resource/Hitec_Products-UCK http://dbpedia.org/resource/Hitec_Products–Mistral_Home http://dbpedia.org/resource/Team_Hitec_Products_UCK http://dbpedia.org/resource/Hitec_Products–Mistral_Home_Cycling_Team"
"1","151","Vastgoedservice-Golden Palace","http://dbpedia.org/resource/Pauwels_Sauzen–Bingoal","http://dbpedia.org/resource/Vastgoedservice-Golden_Palace http://dbpedia.org/resource/Crelan-Vastgoedservice http://dbpedia.org/resource/Crelan–Vastgoedservice"
"1","153","Rally Cycling","http://dbpedia.org/resource/Rally_UHC_Cycling_(men's_team)","http://dbpedia.org/resource/Optum-Kelly_Benefit_Strategies http://dbpedia.org/resource/Team_Optum_p/b_Kelly_Benefit_Strategies http://dbpedia.org/resource/Optum_p/b_Kelly_Benefit_Strategies http://dbpedia.org/resource/Rally_Cycling http://dbpedia.org/resource/Optum_Pro_Cycling http://dbpedia.org/resource/Kelly_Benefit_Strategies http://dbpedia.org/resource/Team_Optum http://dbpedia.org/resource/Optum–Kelly_Benefit_Strategies"
"1","156","Dimension Data for Qhubeka","http://dbpedia.org/resource/Dimension_Data_(cycling_team)","http://dbpedia.org/resource/Dimension_Data_Continental_Team http://dbpedia.org/resource/Dimension_Data_for_Qhubeka"
"1","158","Bridgestone-Anchor","nan","http://dbpedia.org/resource/Bridgestone–Anchor http://dbpedia.org/resource/Bridgestone_Anchor_Cycling_Team http://dbpedia.org/resource/Team_Bridgestone_Anchor http://dbpedia.org/resource/Bridgestone_Anchor http://dbpedia.org/resource/Bridgestone-Anchor http://dbpedia.org/resource/Team_Bridgestone-Anchor"
"1","159","Orica-AIS","http://dbpedia.org/resource/Mitchelton–Scott_(women's_team)","http://dbpedia.org/resource/GreenEDGE-AIS http://dbpedia.org/resource/Orica-AIS http://dbpedia.org/resource/GreenEdge-AIS http://dbpedia.org/resource/Orica–AIS"
"1","160","UnitedHealthcare Women’s Team","http://dbpedia.org/resource/UnitedHealthcare_Pro_Cycling_(men's_team)","http://dbpedia.org/resource/UnitedHealthcare_Professional_Cycling_Team http://dbpedia.org/resource/UnitedHealthcare_Women's_Team http://dbpedia.org/resource/UnitedHealthcare_Women’s_Team"
"1","162","Scottish Cycling","http://dbpedia.org/resource/Cycle_Collstrop","http://dbpedia.org/resource/Scottish_Cyclists'_Union http://dbpedia.org/resource/Scottish_Cycling"
"1","163","Cylance Pro Cycling","http://dbpedia.org/resource/Cylance_Pro_Cycling_(women's_team)","http://dbpedia.org/resource/Cylance_Pro_Cycling"
"1","164","Rabobank-Liv/giant","http://dbpedia.org/resource/CCC_Liv","http://dbpedia.org/resource/Stichting_Rabo_Women_Cycling_Team http://dbpedia.org/resource/Rabobank-Liv/giant http://dbpedia.org/resource/Rabo–Liv_Women_Cycling_Team http://dbpedia.org/resource/Rabo_Women_Cycling_Team http://dbpedia.org/resource/Rabobank_Women_Team http://dbpedia.org/resource/DSB_Bank-Nederland_Bloeit http://dbpedia.org/resource/Rabobank-Liv_Giant http://dbpedia.org/resource/Rabobank_Women_Cycling_Team http://dbpedia.org/resource/Nederland_Bloeit http://dbpedia.org/resource/Rabo_Liv_Women_Cycling_Team http://dbpedia.org/resource/Team_DSB_Bank http://dbpedia.org/resource/Raboliv_Womencyclingteam http://dbpedia.org/resource/DSB_Bank_(cycling_team) http://dbpedia.org/resource/DSB_Bank-LTO http://dbpedia.org/resource/Rabo-Liv http://dbpedia.org/resource/Rabo-Liv_Women_Cycling_Team"
"1","166","Team Europcar","http://dbpedia.org/resource/Total_Direct_Énergie_(cycling_team)","http://dbpedia.org/resource/Bouygues_Télécom_(cycling_team) http://dbpedia.org/resource/Bouygues_Télécom_Cycling_Team http://dbpedia.org/resource/Bouygues_Telecom_(cycling_team) http://dbpedia.org/resource/Bbox_Bouygues_Telecom http://dbpedia.org/resource/Bonjour_(cycling_team) http://dbpedia.org/resource/Team_Europcar http://dbpedia.org/resource/Europcar_(cycling_team) http://dbpedia.org/resource/Brioches_La_Boulangere http://dbpedia.org/resource/Brioches_la_Boulangere http://dbpedia.org/resource/Direct_Énergie http://dbpedia.org/resource/Brioches_la_boulangere http://dbpedia.org/resource/Brioches_La_Boulangère"
"1","170","Europcar","http://dbpedia.org/resource/Total_Direct_Énergie_(cycling_team)","http://dbpedia.org/resource/Bouygues_Télécom_(cycling_team) http://dbpedia.org/resource/Bouygues_Télécom_Cycling_Team http://dbpedia.org/resource/Bouygues_Telecom_(cycling_team) http://dbpedia.org/resource/Bbox_Bouygues_Telecom http://dbpedia.org/resource/Bonjour_(cycling_team) http://dbpedia.org/resource/Team_Europcar http://dbpedia.org/resource/Europcar_(cycling_team) http://dbpedia.org/resource/Brioches_La_Boulangere http://dbpedia.org/resource/Brioches_la_Boulangere http://dbpedia.org/resource/Direct_Énergie http://dbpedia.org/resource/Brioches_la_boulangere http://dbpedia.org/resource/Brioches_La_Boulangère"
"1","171","Auber 93","http://dbpedia.org/resource/St._Michel–Auber93","http://dbpedia.org/resource/HP_BTP–Auber93 http://dbpedia.org/resource/BigMat-Auber93 http://dbpedia.org/resource/Big_Mat-Auber_93 http://dbpedia.org/resource/Auber_93 http://dbpedia.org/resource/Aubervilliers_93-Peugeot http://dbpedia.org/resource/HP_BTP-Auber93 http://dbpedia.org/resource/HP-BTP_Auber_93 http://dbpedia.org/resource/BigMat-Auber_93"
"1","172","Roubaix-Lille Métropole","http://dbpedia.org/resource/Natura4Ever–Roubaix–Lille_Métropole","http://dbpedia.org/resource/Roubaix–Lille_Métropole http://dbpedia.org/resource/Roubaix_Metropole_Europeenne_de_Lille http://dbpedia.org/resource/Roubaix-Lille_Métropole http://dbpedia.org/resource/Roubaix_Lille_Métropole"
