Keiko_Agena#0_1,1,1,Renegade,http://dbpedia.org/resource/They_Call_Me_Renegade
Keiko_Agena#0_1,1,2,"Sister, Sister",http://dbpedia.org/resource/Sister_My_Sister
Keiko_Agena#0_1,1,3,ER,http://dbpedia.org/resource/ER_(TV_series)
Keiko_Agena#0_1,1,4,"Beverly Hills, 90210","http://dbpedia.org/resource/Beverly_Hills,_90210"
Keiko_Agena#0_1,1,5,Felicity,http://dbpedia.org/resource/Felicity_(TV_series)
Keiko_Agena#0_1,1,6,Gilmore Girls,http://dbpedia.org/resource/Gilmore_Girls
Keiko_Agena#0_1,1,7,The Nightmare Room,http://dbpedia.org/resource/The_Nightmare_Room
Keiko_Agena#0_1,1,8,Strong Medicine,http://dbpedia.org/resource/Strong_Medicine
Keiko_Agena#0_1,1,9,Kim Possible,http://dbpedia.org/resource/Kim_Possible_(2019_film)
Keiko_Agena#0_1,1,10,Without a Trace,http://dbpedia.org/resource/Without_a_Trace
Keiko_Agena#0_1,1,11,Private Practice,http://dbpedia.org/resource/Private_Practice_(TV_series)
Keiko_Agena#0_1,1,12,Private Valentine: Blonde & Dangerous,http://dbpedia.org/resource/Private_Valentine:_Blonde_&_Dangerous
Keiko_Agena#0_1,1,13,Castle,http://dbpedia.org/resource/Castle_(TV_series)
Keiko_Agena#0_1,1,14,House,http://dbpedia.org/resource/House_(TV_series)
Keiko_Agena#0_1,1,16,Transformers: Dark of the Moon,http://dbpedia.org/resource/Transformers:_Dark_of_the_Moon
Keiko_Agena#0_1,1,17,Scandal,http://dbpedia.org/resource/Scandal_(TV_series)
Keiko_Agena#0_1,1,18,Twisted,http://dbpedia.org/resource/WarioWare:_Twisted!
Keiko_Agena#0_1,1,19,Shameless (US)[5],http://dbpedia.org/resource/Shameless_(American_TV_series)
Keiko_Agena#0_1,1,20,Gilmore Girls: Seasons,http://dbpedia.org/resource/Gilmore_Girls:_A_Year_in_the_Life
